filename,label,author
Nils_0_1.png,0,nils
Nils_0_2.png,0,nils
Nils_0_3.png,0,nils
Nils_0_4.png,0,nils
Nils_0_5.png,0,nils
Nils_1_1.png,1,nils
Nils_1_2.png,1,nils
Nils_1_3.png,1,nils
Nils_1_4.png,1,nils
Nils_1_5.png,1,nils
Nils_2_1.png,2,nils
Nils_2_2.png,2,nils
Nils_2_3.png,2,nils
Nils_2_4.png,2,nils
Nils_2_5.png,2,nils
Nils_3_1.png,3,nils
Nils_3_2.png,3,nils
Nils_3_3.png,3,nils
Nils_3_4.png,3,nils
Nils_3_5.png,3,nils
Nils_4_1.png,4,nils
Nils_4_2.png,4,nils
Nils_4_3.png,4,nils
Nils_4_4.png,4,nils
Nils_4_5.png,4,nils
Nils_5_1.png,5,nils
Nils_5_2.png,5,nils
Nils_5_3.png,5,nils
Nils_5_4.png,5,nils
Nils_5_5.png,5,nils
Nils_6_1.png,6,nils
Nils_6_2.png,6,nils
Nils_6_3.png,6,nils
Nils_6_4.png,6,nils
Nils_6_5.png,6,nils
Nils_7_1.png,7,nils
Nils_7_2.png,7,nils
Nils_7_3.png,7,nils
Nils_7_4.png,7,nils
Nils_7_5.png,7,nils
Nils_8_1.png,8,nils
Nils_8_2.png,8,nils
Nils_8_3.png,8,nils
Nils_8_4.png,8,nils
Nils_8_5.png,8,nils
Nils_9_1.png,9,nils
Nils_9_2.png,9,nils
Nils_9_3.png,9,nils
Nils_9_4.png,9,nils
Nils_9_5.png,9,nils
Thanadon_0_1.png,0,thanadon
Thanadon_0_2.png,0,thanadon
Thanadon_0_3.png,0,thanadon
Thanadon_0_4.png,0,thanadon
Thanadon_0_5.png,0,thanadon
Thanadon_1_1.png,1,thanadon
Thanadon_1_2.png,1,thanadon
Thanadon_1_3.png,1,thanadon
Thanadon_1_4.png,1,thanadon
Thanadon_1_5.png,1,thanadon
Thanadon_2_1.png,2,thanadon
Thanadon_2_2.png,2,thanadon
Thanadon_2_3.png,2,thanadon
Thanadon_2_4.png,2,thanadon
Thanadon_2_5.png,2,thanadon
Thanadon_3_1.png,3,thanadon
Thanadon_3_2.png,3,thanadon
Thanadon_3_3.png,3,thanadon
Thanadon_3_4.png,3,thanadon
Thanadon_3_5.png,3,thanadon
Thanadon_4_1.png,4,thanadon
Thanadon_4_2.png,4,thanadon
Thanadon_4_3.png,4,thanadon
Thanadon_4_4.png,4,thanadon
Thanadon_4_5.png,4,thanadon
Thanadon_5_1.png,5,thanadon
Thanadon_5_2.png,5,thanadon
Thanadon_5_3.png,5,thanadon
Thanadon_5_4.png,5,thanadon
Thanadon_5_5.png,5,thanadon
Thanadon_6_1.png,6,thanadon
Thanadon_6_2.png,6,thanadon
Thanadon_6_3.png,6,thanadon
Thanadon_6_4.png,6,thanadon
Thanadon_6_5.png,6,thanadon
Thanadon_7_1.png,7,thanadon
Thanadon_7_2.png,7,thanadon
Thanadon_7_3.png,7,thanadon
Thanadon_7_4.png,7,thanadon
Thanadon_7_5.png,7,thanadon
Thanadon_8_1.png,8,thanadon
Thanadon_8_2.png,8,thanadon
Thanadon_8_3.png,8,thanadon
Thanadon_8_4.png,8,thanadon
Thanadon_8_5.png,8,thanadon
Thanadon_9_1.png,9,thanadon
Thanadon_9_2.png,9,thanadon
Thanadon_9_3.png,9,thanadon
Thanadon_9_4.png,9,thanadon
Thanadon_9_5.png,9,thanadon
